ID;Time;Aliphatic_HighOC_no;Aliphatic_LowOC_no;Condensed_aromatics_no;Condensed_aromatics.X_no;Highly_Unsaturated_and_Phenolic_HighOC_no;Highly_Unsaturated_and_Phenolic_LowOC_no;Peptide_like_no;Polyphenolic_HighOC_no;Polyphenolic_LowOC_no;Sugars_w_X_no;Sugars_wo_X_no;Num.formula_no;Aliphatic_HighOC_percent;Aliphatic_LowOC_percent;Condensed_aromatics_percent;Condensed_aromatics.X_percent;Highly_Unsaturated_and_Phenolic_HighOC_percent;Highly_Unsaturated_and_Phenolic_LowOC_percent;Peptide_like_percent;Polyphenolic_HighOC_percent;Polyphenolic_LowOC_percent;Sugars_w_X_percent;Sugars_wo_X_percent;CHO_no;CHON_no;CHOS_no;CHO.1_no;CHO.2;CHON_percent;CHOS_percent;CHO_percent_percent;AveMass;Mass_WeightedAve;HC_WeightedAve;OC_WeightedAve;NC_WeightedAve;NOSC_WeightedAve;AImod_WeightedAve;AI_WeightedAve;Aliphatic_HighOC_percentRA;Aliphatic_LowOC_percentRA;Condensed_aromatics_percentRA;Condensed_aromatics.X_percentRA;Highly_Unsaturated_and_Phenolic_HighOC_percentRA;Highly_Unsaturated_and_Phenolic_LowOC_percentRA;Peptide_like_percentRA;Polyphenolic_HighOC_percentRA;Polyphenolic_LowOC_percentRA;Sugars_w_X_percentRA;Sugars_wo_X_percentRA;Condensed_Aromatics_percentRA;Polyphenolic_percentRA;Highly_Unsaturated_and_Phenolic_percentRA;Aliphatic_percentRA
M7;4;121;172;22;0;1216;1012;12;63;67;0;4;2689;4.49981405727036;6.39642989959093;0.818148010412793;0;45.2212718482707;37.6348084789885;0.446262551134251;2.34287839345482;2.49163257716623;0;0.148754183711417;2177;258;254;2177;80.9594644849386;9.59464484938639;9.44589066567497;80.9594644849386;507.615269584976;435.009000195772;1.22929860860596;0.512661888522826;0.00277010000131444;-0.19304564392467;0.23902748223919;0.0260721741883936;1.47576623439601;2.57778557611495;0.0855755956165412;0;56.3515469626642;38.5241293150967;0.0664684298548384;0.39922773349076;0.505000392219833;0;0.0144997605461325;0.0855755956165412;0.904228125710593;94.8756762777609;4.05355181051096
M5;4;126;205;9;0;1450;1204;35;53;75;0;1;3158;3.98986700443319;6.4914502849905;0.284990500316656;0;45.9151361621279;38.1253958201393;1.10829639012033;1.67827739075364;2.37492083597213;0;0.0316656111462951;2196;640;322;2196;69.5376820772641;20.2659911336289;10.196326789107;69.5376820772641;496.406324963585;429.626845580572;1.23423497610366;0.505329313331493;0.00607545921813273;-0.202653268236741;0.238891161777744;0.028872375851533;1.45585170827316;2.93217676499424;0.0344324104189855;0;54.7068118327504;39.7725735699062;0.258353585865761;0.324865492978137;0.508503770786418;0;0.0064308640267395;0.0344324104189855;0.833369263764555;94.4793854026566;4.3880284732674
M4;0;117;203;14;0;1407;1152;27;62;76;0;3;3061;3.82228030055537;6.63181966677556;0.457366873570729;0;45.9653707938582;37.6347598823914;0.882064684743548;2.02548186867037;2.4828487422411;0;0.0980071871937275;2229;633;199;2229;72.8193400849396;20.6795164978765;6.50114341718393;72.8193400849396;492.489289966678;428.069001056754;1.22857676702887;0.509203282094843;0.0064903453139454;-0.188890874019601;0.241319085629708;0.0285463088189371;1.36726941219154;2.82291779060308;0.0571602458941966;0;55.8097429495246;38.8361667727181;0.157464443430469;0.390673413960209;0.537339702750223;0;0.0212652689275632;0.0571602458941966;0.928013116710432;94.6459097222427;4.19018720279461
M1;20;127;227;9;0;1493;1170;24;53;67;0;2;3172;4.00378310214376;7.15636822194199;0.283732660781841;0;47.0680958385876;36.8852459016393;0.756620428751576;1.67087011349306;2.11223203026482;0;0.0630517023959647;2190;631;351;2190;69.0416141235813;19.8928121059269;11.0655737704918;69.0416141235813;503.293483930013;432.274192712776;1.23321724929852;0.509323755951065;0.00566777224826198;-0.194818765663209;0.237280382218285;0.0270299463594518;1.49136180321989;2.84733301457152;0.0341299185224057;0;56.24003585396;38.4667740427162;0.123641342377992;0.326762173998267;0.46303342490494;0;0.00692842572875711;0.0341299185224057;0.789795598903207;94.7068098966762;4.33869481779141
M4;7;120;178;8;0;960;908;3;54;48;0;3;2282;5.25854513584575;7.80017528483786;0.35056967572305;0;42.068361086766;39.7896581945662;0.131463628396144;2.36634531113059;2.1034180543383;0;0.131463628396144;2001;96;185;2001;87.6862401402279;4.2068361086766;8.10692375109553;87.6862401402279;513.282962782209;434.781071485819;1.23659447964508;0.511029477718233;0.000957886035102489;-0.21022330196084;0.236150563238446;0.0228434436621711;1.6055584788122;2.74387056842525;0.0317965594809171;0;55.3150963457208;39.5654592923898;0.0122584470304573;0.345891232073826;0.366473437955488;0;0.0135956381112276;0.0317965594809171;0.712364670029314;94.8805556381106;4.34942904723745
M5;0;113;245;13;0;1275;1193;21;49;68;0;1;2978;3.79449294828744;8.22699798522498;0.436534586971122;0;42.8139691067831;40.0604432505037;0.705171255876427;1.645399597045;2.2834116856951;0;0.0335795836131632;2190;579;209;2190;73.5392881128274;19.4425789120215;7.01813297515111;73.5392881128274;496.866467861988;430.471448945069;1.24112820923609;0.496592580250369;0.00533090347067117;-0.230630244971992;0.23888904241222;0.0293799194689598;1.37281752660619;3.33485275809368;0.0561320848455335;0;51.9611836670652;42.3886425949787;0.116439005537286;0.287888094459522;0.477449924593188;0;0.00459434382063105;0.0561320848455335;0.76533801905271;94.349826262044;4.70767028469987
M6;0;98;194;6;0;1274;1184;35;52;71;0;1;2915;3.36192109777015;6.65523156089194;0.205831903945111;0;43.704974271012;40.6174957118353;1.20068610634648;1.78387650085763;2.43567753001715;0;0.0343053173241852;2158;704;53;2158;74.0308747855918;24.1509433962264;1.81818181818182;74.0308747855918;491.902329467925;427.335433317408;1.23735286875096;0.499665352709178;0.0064436623255647;-0.218302839324089;0.240618127586259;0.0288141432246354;1.31129717876878;3.0212690783539;0.0233193742428582;0;52.7627019256221;41.882113695783;0.203768721196867;0.311280249439563;0.478918763409627;0;0.00533101318334062;0.0233193742428582;0.79019901284919;94.6448156214051;4.33256625712268
M3;7;78;173;7;0;1078;1130;23;40;69;0;1;2599;3.00115429011158;6.65640631011928;0.269334359368988;0;41.4774913428242;43.4782608695652;0.884955752212389;1.5390534821085;2.65486725663717;0;0.0384763370527126;2099;500;0;2099;80.7618314736437;19.2381685263563;0;80.7618314736437;493.64089760985;425.299356106037;1.23571355865172;0.493402859130807;0.0052806681194295;-0.233065836031493;0.245290736995317;0.0306123515360861;1.11641595733837;2.92055000936987;0.0230708416769901;0;51.188030007305;43.9149298993959;0.121170171373727;0.24335727786684;0.469254691467477;0;0.00322114420578139;0.0230708416769901;0.712611969334316;95.102959906701;4.03696596670824
M8;7;126;256;12;0;1324;1228;28;44;79;0;1;3098;4.06714009038089;8.26339573918657;0.387346675274371;0;42.7372498386055;39.6384764364106;0.903808908973531;1.42027114267269;2.55003227888961;0;0.0322788896061975;2206;622;270;2206;71.2072304712718;20.0774693350549;8.71530019367334;71.2072304712718;488.432173334409;428.120558671693;1.24073703202419;0.494840635916053;0.00582740310857552;-0.230770352907014;0.239514662453126;0.0308027020947621;1.45986578623857;3.5023656688591;0.0458849664741441;0;51.3913849033875;42.6044310061953;0.161325947818038;0.270651188086912;0.55990945660819;0;0.00418107633221167;0.0458849664741441;0.830560644695102;93.9958159095828;4.96223145509767
M2;0;81;146;8;0;1292;1088;29;57;65;0;2;2768;2.92630057803468;5.27456647398844;0.289017341040462;0;46.6763005780347;39.3063583815029;1.04768786127168;2.05924855491329;2.34826589595376;0;0.0722543352601156;2126;642;0;2126;76.8063583815029;23.1936416184971;0;76.8063583815029;502.323569040462;429.815296711206;1.22701956446428;0.509271063134009;0.0065962446835722;-0.188688704145239;0.242960841992957;0.0263687566919199;1.17256281137003;2.41261719145075;0.032033351433398;0;55.7113477659641;39.6499111045046;0.162346558016571;0.364341986786256;0.485732792138563;0;0.00910643833573385;0.032033351433398;0.850074778924819;95.3612588704687;3.58518000282079
M8;4;107;212;6;0;1295;1149;24;43;74;0;1;2911;3.67571281346616;7.28272071453109;0.20611473720371;0;44.4864307798008;39.4709721745105;0.82445894881484;1.47715561662659;2.54208175884576;0;0.0343524562006183;2158;573;180;2158;74.1326004809344;19.6839574029543;6.1834421161113;74.1326004809344;494.632706100996;428.47948075272;1.23631380029959;0.501298079330464;0.00553057628687131;-0.215814996045735;0.240095595072845;0.0290654320994238;1.32269442424584;3.08320601647546;0.0215728177334434;0;53.7670484759709;40.9135929758922;0.129261255486859;0.26125811182134;0.497530355466766;0;0.00383556690722378;0.0215728177334434;0.758788467288106;94.6806414518631;4.4059004407213
M7;20;107;184;3;0;1241;1138;22;45;64;0;1;2805;3.81461675579323;6.55971479500891;0.106951871657754;0;44.2424242424242;40.5704099821747;0.784313725490196;1.60427807486631;2.28163992869875;0;0.035650623885918;2118;494;193;2118;75.5080213903743;17.6114081996435;6.88057040998217;75.5080213903743;495.767758972906;427.879530013356;1.23407576710022;0.503446380041056;0.00533892198867911;-0.20976306571057;0.240618507147784;0.028566536692469;1.32224958062803;2.7697294092776;0.0115482875596034;0;54.5400917142295;40.52257301794;0.115996086195188;0.267753043844774;0.446875596513514;0;0.00318326381182409;0.0115482875596034;0.714628640358289;95.0626647321695;4.09197898990564
M3;0;110;186;8;0;1366;1197;31;54;71;0;1;3024;3.63756613756614;6.15079365079365;0.264550264550265;0;45.1719576719577;39.5833333333333;1.02513227513228;1.78571428571429;2.3478835978836;0;0.0330687830687831;2118;704;202;2118;70.0396825396825;23.2804232804233;6.67989417989418;70.0396825396825;493.815771864418;427.064022669246;1.23351141845138;0.505084823203649;0.00658938848902767;-0.202163764136769;0.240166699931163;0.0282497184274551;1.35990249195329;2.76363663303436;0.0334755659751472;0;54.7808451054732;40.0550252935599;0.186414099912899;0.32259336478526;0.486593370141439;0;0.0115140751644852;0.0334755659751472;0.8091867349267;94.8358703990331;4.12353912498765
M6;15;71;143;3;0;694;659;0;36;34;0;3;1643;4.32136335970785;8.70359099208764;0.182592818015825;0;42.2398052343274;40.1095556908095;0;2.1911138161899;2.06938527084601;0;0.182592818015825;1643;0;0;1643;100;0;0;100;489.859784363968;430.189283919278;1.23679354080968;0.506815432031528;0;-0.223162676746247;0.23944735650503;0.0234670516950881;1.4222720344321;2.94624324430585;0.0166590974844049;0;54.170731508474;40.7666426154912;0;0.297304250433811;0.342774574625247;0;0.0373726747533929;0.0166590974844049;0.640078825059059;94.9373741239652;4.36851527873795
M5;15;88;222;5;0;1032;1088;66;41;64;1;0;2607;3.37552742616034;8.51553509781358;0.191791331031837;0;39.5857307249712;41.7337936325278;2.53164556962025;1.57268891446107;2.45492903720752;0.0383582662063675;0;2036;571;0;2036;78.0974299961642;21.9025700038358;0;78.0974299961642;477.397579420023;420.510527719128;1.2481989001582;0.488885864291946;0.00542573481921307;-0.254149967116346;0.239877007218688;0.0300059330131898;1.30217103102581;3.70305208703823;0.0179573182351285;0;48.6626162673233;45.2819668290935;0.371140285572801;0.237159195424254;0.42081687386914;0.00312011241782596;0;0.0179573182351285;0.657976069293394;93.9445830964168;5.00522311806403
M3;30;129;164;20;0;1484;1101;20;60;65;0;1;3044;4.23784494086728;5.38764783180026;0.657030223390276;0;48.7516425755585;36.1695137976347;0.657030223390276;1.97109067017083;2.1353482260184;0;0.0328515111695138;2105;554;385;2105;69.1524310118265;18.1997371879106;12.6478318002628;69.1524310118265;507.145644159987;434.170602276855;1.22970315787214;0.514887537722832;0.00539008155551198;-0.179970473507214;0.236381670879656;0.0248549735285115;1.55365859869052;2.37903172385938;0.0807090409715108;0;57.6603385096769;37.3650300216134;0.10372087061;0.387362177173712;0.466170892901083;0;0.00397816450353553;0.0807090409715108;0.853533070074795;95.0253685312903;3.9326903225499
M5;20;126;158;16;0;1400;1125;30;62;71;0;1;2989;4.21545667447307;5.28604884576782;0.535296085647374;0;46.8384074941452;37.638006022081;1.00368016058883;2.07427233188357;2.37537638006022;0;0.0334560053529609;2060;572;357;2060;68.9193710270994;19.1368350618936;11.943793911007;68.9193710270994;495.476682074607;430.547611519036;1.23036652204558;0.511335076595505;0.00609321927171207;-0.185739592336348;0.237923732871403;0.0259062697435148;1.50913502096074;2.37106927422166;0.064346688424488;0;56.265803507306;38.7363274489034;0.164254597541286;0.37369936011679;0.51134743061592;0;0.00401667190967899;0.064346688424488;0.88504679073271;95.0021309562094;3.88020429518241
M6;4;100;228;20;0;887;901;0;56;63;0;2;2257;4.43066016836509;10.1019051838724;0.886132033673017;0;39.2999556933983;39.9202481169694;0;2.48116969428445;2.79131590607;0;0.0886132033673017;2151;0;106;2151;95.303500221533;0;4.69649977846699;95.303500221533;500.937468539211;429.622730512733;1.2383093509031;0.498952818148067;0;-0.239459291645095;0.24169053533692;0.0296017810697022;1.4147224724394;3.36231733105592;0.0864849287425189;0;51.7705918609905;42.4285674028908;0;0.378817702683009;0.549666226985485;0;0.00883207421233212;0.0864849287425189;0.928483929668494;94.1991592638813;4.77703980349532
M1;15;128;175;16;0;1281;1080;27;60;75;0;1;2843;4.50228631727049;6.15546957439325;0.562785789658811;0;45.0580372845586;37.9880408019698;0.949701020049244;2.11044671122054;2.63805838902568;0;0.0351741118536757;2059;495;289;2059;72.4234963067183;17.4111853675695;10.1653183257123;72.4234963067183;489.894318294056;428.011935184723;1.23245859211538;0.506208024655374;0.00562592156022621;-0.199698504654101;0.239606244456998;0.0271794667097569;1.57149473551487;2.63649821840565;0.0675946050685372;0;54.3686968046432;40.2694560739215;0.155345002451549;0.37387038197528;0.551896088875174;0;0.00514808914421886;0.0675946050685372;0.925766470850454;94.6381528785647;4.20799295392051
M4;15;115;170;6;0;1296;1050;19;48;61;0;1;2766;4.15762834417932;6.14605929139552;0.216919739696312;0;46.8546637744035;37.9609544468547;0.686912509038322;1.7353579175705;2.20535068691251;0;0.0361532899493854;2065;498;203;2065;74.6565437454808;18.0043383947939;7.33911785972523;74.6565437454808;505.575574368764;432.154324422373;1.23238572290007;0.509208373172722;0.00443028696339897;-0.199026050569661;0.238798518069496;0.0254266398906885;1.42743017978047;2.6488815124501;0.0258289635510381;0;55.9063374121881;39.1441446603706;0.0825022900936424;0.309681769933411;0.45132503149951;0;0.00386818013309466;0.0258289635510381;0.761006801432922;95.0504820725587;4.07631169223058
M1;7;94;169;17;0;1326;1094;24;61;76;0;2;2863;3.28326929793922;5.90289905693329;0.593782745371987;0;46.315054139015;38.2116660845267;0.8382815228781;2.13063220398184;2.65455815578065;0;0.069856793573175;2224;570;69;2224;77.6807544533706;19.9091861683549;2.41005937827454;77.6807544533706;497.380897597276;427.547386676046;1.22729339900546;0.505069162019369;0.00563441938549183;-0.199529865870895;0.244725262852763;0.0304107855027316;1.23518942766271;2.66844111812995;0.0711097054978235;0;54.8341589353887;40.0619141343279;0.120547013198675;0.393358910916978;0.608333029251525;0;0.00694772562574924;0.0711097054978235;1.0016919401685;94.8960730697166;3.90363054579266
M4;4;120;182;14;0;1431;1222;37;52;87;0;1;3146;3.81436745073109;5.78512396694215;0.445009535918627;0;45.4863318499682;38.8429752066116;1.17609663064209;1.65289256198347;2.76541640178004;0;0.0317863954227591;2132;748;266;2132;67.7685950413223;23.7762237762238;8.45518118245391;67.7685950413223;487.851970494278;426.462918356595;1.23409540363904;0.49943774720795;0.00704867084406429;-0.211037219732523;0.24144625475795;0.0309689471199908;1.43101160001016;2.75674185717259;0.0552227509173208;0;52.7853949955913;41.8127684617046;0.205742154597259;0.322444964577258;0.625933164024426;0;0.00474005140508752;0.0552227509173208;0.948378128601684;94.5981634572959;4.18775345718274
M8;15;110;171;8;0;1388;1119;28;48;70;0;1;2943;3.73768263676521;5.81039755351682;0.271831464492015;0;47.1627590893646;38.0224260958206;0.951410125722052;1.63098878695209;2.37852531430513;0;0.0339789330615019;2073;682;188;2073;70.4383282364934;23.1736323479443;6.38803941556235;70.4383282364934;489.781934851512;426.269845803982;1.2293885568563;0.50825684668925;0.00661772792775362;-0.1912355579886;0.241279201736466;0.0282939049842712;1.33394080327497;2.57779888317793;0.0296324271313118;0;55.9166179522526;39.1662855095855;0.166041859768712;0.305047871244548;0.499151833525338;0;0.00548286003905008;0.0296324271313118;0.804199704769887;95.0829034618381;3.9117396864529
M1;90;130;204;5;0;1440;1214;34;51;75;1;1;3155;4.12044374009509;6.46592709984152;0.158478605388273;0;45.6418383518225;38.4786053882726;1.07765451664025;1.61648177496038;2.37717908082409;0.0316957210776545;0.0316957210776545;2173;741;241;2173;68.8748019017433;23.486529318542;7.63866877971474;68.8748019017433;492.931862884311;427.718208609353;1.23902441913639;0.504148838011798;0.00692584879025342;-0.207554371557793;0.236783207911709;0.0278203937791966;1.61473055605526;2.99221757773717;0.018247685158198;0;54.2930303287106;39.8629952223857;0.411686383227341;0.305017474725823;0.494263278360437;0.00367027530665049;0.00414121833278567;0.018247685158198;0.79928075308626;94.1560255510963;4.60694813379244
M3;15;105;150;6;0;1282;1051;19;47;65;0;1;2726;3.85179750550257;5.50256786500367;0.220102714600147;0;47.028613352898;38.5546588407924;0.696991929567131;1.72413793103448;2.38444607483492;0;0.0366837857666911;2113;490;123;2113;77.5128393250183;17.9750550256786;4.51210564930301;77.5128393250183;506.380103349963;430.106493069334;1.23027398178231;0.509389661790384;0.00522868679877616;-0.194836731896691;0.240580096248519;0.0260192518915874;1.32485372644731;2.48492361268059;0.0226579052172286;0;55.8212889442106;39.4492959578549;0.109901309931492;0.309313659176029;0.474275933651237;0;0.00348895083068128;0.0226579052172286;0.783589592827266;95.2705849020654;3.8097773391279
M8;0;104;199;17;0;1318;1179;39;51;81;0;0;2988;3.4805890227577;6.65997322623829;0.568942436412316;0;44.1097724230254;39.4578313253012;1.30522088353414;1.70682730923695;2.71084337349398;0;0;2168;696;124;2168;72.5568942436412;23.2931726907631;4.14993306559572;72.5568942436412;487.055644831325;424.669083699821;1.23230176712598;0.503046761092345;0.00695070468614777;-0.20410258854281;0.242292234742164;0.0299159290915431;1.34114235287887;2.8421607772823;0.0834289431322796;0;54.0379468648585;40.5982597240228;0.227527929163643;0.314630056036648;0.554903352624959;0;0;0.0834289431322796;0.869533408661607;94.6362065888813;4.18330313016117
M6;30;125;145;6;0;1406;1076;20;51;59;0;0;2888;4.32825484764543;5.0207756232687;0.207756232686981;0;48.6842105263158;37.2576177285319;0.692520775623269;1.76592797783934;2.04293628808864;0;0;2068;550;270;2068;71.606648199446;19.0443213296399;9.34903047091413;71.606648199446;505.662917623615;431.919120942084;1.23036862851639;0.513023558246176;0.00556152756931389;-0.184783671898952;0.237572874702753;0.0246854042490196;1.52078558729183;2.36542080390149;0.0228467252291851;0;57.2065177155778;38.0102058214454;0.101939844425255;0.329545338481043;0.442738163647909;0;0;0.0228467252291851;0.772283502128952;95.2167235370233;3.88620639119332
M8;90;83;187;6;0;1121;1052;16;50;70;0;0;2585;3.21083172147002;7.23404255319149;0.2321083172147;0;43.3655705996132;40.6963249516441;0.618955512572534;1.93423597678917;2.70793036750484;0;0;2165;420;0;2165;83.752417794971;16.247582205029;0;83.752417794971;496.977239776789;425.376922856563;1.23391860817196;0.501827077431949;0.00425692985528777;-0.217493663741897;0.242781856266137;0.0298377101787755;1.26023719671455;2.95982456851886;0.0231336403296972;0;53.9995669299227;40.8473364261726;0.0797977207692335;0.300815424310305;0.52928809326211;0;0;0.0231336403296972;0.830103517572415;94.8469033560952;4.22006176523341
M4;20;118;161;2;0;1290;1121;35;50;67;0;1;2845;4.14762741652021;5.65905096660808;0.070298769771529;0;45.3427065026362;39.402460456942;1.23022847100176;1.75746924428823;2.35500878734622;0;0.0351493848857645;1971;657;217;1971;69.2794376098418;23.0931458699473;7.6274165202109;69.2794376098418;489.518402889631;434.647298653394;1.2327674494249;0.508020866261104;0.0063497094354743;-0.19536198750266;0.237586779917504;0.0244063736228749;1.35270442411121;2.41096629760864;0.00773421829492361;0;55.0823041758725;40.2604307943704;0.184069655971979;0.27820305178558;0.420340531982657;0;0.00324685000210999;0.00773421829492361;0.698543583768237;95.3427349702429;3.76367072171985
M2;15;121;256;5;0;1319;1097;16;50;60;0;0;2924;4.13816689466484;8.75512995896033;0.170998632010944;0;45.109439124487;37.5170998632011;0.547195622435021;1.70998632010944;2.05198358413133;0;0;2214;503;207;2214;75.718194254446;17.202462380301;7.07934336525308;75.718194254446;498.802405685021;437.880609587526;1.23417002083258;0.50889090157441;0.00453563928737254;-0.200889214683712;0.236713517067769;0.0251014478776668;1.40406081659292;3.07798370129713;0.0171961823958599;0;56.3648421962356;38.3918636084275;0.0691216991663825;0.288173924227797;0.386757871656879;0;0;0.0171961823958599;0.674931795884676;94.756705804663;4.48204451789005
M5;7;121;152;3;0;1124;898;2;54;49;0;2;2405;5.03118503118503;6.32016632016632;0.124740124740125;0;46.7359667359667;37.3388773388773;0.0831600831600832;2.24532224532225;2.03742203742204;0;0.0831600831600832;2013;90;302;2013;83.7006237006237;3.74220374220374;12.5571725571726;83.7006237006237;523.729274131393;444.630255179177;1.22984426072473;0.519822567961583;0.0010139339254104;-0.184229739584318;0.234271905230162;0.0201817076557871;1.51472560950955;2.20451155359276;0.00961527075619861;0;58.8877229268302;36.7229978288127;0.00909252660256811;0.322989239376067;0.319789224647167;0;0.00855581987279341;0.00961527075619861;0.642778464023235;95.6107207556429;3.71923716310231
M1;4;121;146;15;1;1364;970;18;69;56;0;2;2762;4.38088341781318;5.28602461984069;0.54308472121651;0.0362056480811006;49.3845039826213;35.1194786386676;0.651701665459812;2.49818971759595;2.02751629254164;0;0.0724112961622013;2012;505;245;2012;72.8457639391745;18.2838522809558;8.87038377986966;72.8457639391745;509.514081731354;440.54856019256;1.22425062198964;0.524000890389194;0.00478170277002898;-0.159532348596156;0.235755751996298;0.0198615340391416;1.49245105953625;2.08619201727011;0.055122023759437;0.00337114126483535;60.4739301159546;35.0101687104785;0.0827219910615003;0.420857990196748;0.362298491965823;0;0.0128864585121274;0.0584931650242723;0.783156482162571;95.4840988264332;3.57864307680636
M4;30;93;133;7;0;1053;850;8;59;49;0;1;2253;4.12782956058589;5.90324012427874;0.310696848646249;0;46.7376830892144;37.7274744784731;0.355082112738571;2.61873058144696;2.17487794052375;0;0.0443852640923213;1981;181;91;1981;87.9272081668886;8.03373280071016;4.03905903240124;87.9272081668886;513.570087917443;439.523797751274;1.22804209795171;0.519184497064539;0.00220236501387245;-0.182159708897905;0.237005097294406;0.0201504939056367;1.33238588238161;2.13886797923597;0.0241915903765823;0;59.0333257499961;36.7499602370928;0.0366872708275146;0.360108549351862;0.321160507225844;0;0.00331223351174282;0.0241915903765823;0.681269056577706;95.7832859870889;3.47125386161758
M2;30;130;154;4;0;1204;941;7;52;47;0;0;2539;5.1201260338716;6.06538007089405;0.157542339503742;0;47.4202441906262;37.0618353682552;0.275699094131548;2.04805041354864;1.85112248916896;0;0;1846;343;350;1846;72.7057896809768;13.5092556124458;13.7849547065774;72.7057896809768;507.051526460811;441.302101807576;1.23160380314773;0.520840935685163;0.0030780538287669;-0.176862800612006;0.231918944082631;0.0187442275605802;1.66239818347438;2.18719628465673;0.013881563476247;0;59.7600428163169;35.7457457287618;0.0296654719302041;0.309903672551787;0.291166278831953;0;0;0.013881563476247;0.60106995138374;95.5057885450787;3.8495944681311
M2;7;75;292;4;0;715;1017;66;25;56;0;2;2252;3.3303730017762;12.9662522202487;0.177619893428064;0;31.7495559502664;45.1598579040853;2.93072824156306;1.1101243339254;2.4866785079929;0;0.088809946714032;1841;411;0;1841;81.7495559502664;18.2504440497336;0;81.7495559502664;466.653925509769;420.77526071914;1.27227360464505;0.455372288759871;0.00309294198691916;-0.352250201164129;0.239586709084965;0.0351300338370561;1.12975646267368;5.1025720465517;0.0136693335485092;0;35.1685946775419;57.7525661231453;0.390244713035494;0.116514131759637;0.319290843444702;0;0.00679166829911782;0.0136693335485092;0.435804975204338;92.9211608006872;6.23232850922538
M1;30;117;149;6;0;1262;991;21;50;58;0;0;2654;4.40844009042954;5.61416729464959;0.226073850791258;0;47.550866616428;37.3398643556895;0.791258477769405;1.88394875659382;2.18538055764883;0;0;1918;513;223;1918;72.268274302939;19.3293142426526;8.40241145440844;72.268274302939;494.794810030143;436.026059563969;1.23227151012596;0.512880635884709;0.00448464358156083;-0.190571468814654;0.235962615729963;0.0225267500526757;1.42567662607883;2.37075153157492;0.0197921224765486;0;57.1811205142427;38.250603667763;0.0928425793477506;0.294840126689741;0.364372831826514;0;0;0.0197921224765486;0.659212958516255;95.4317241820057;3.79642815765374
M2;90;120;171;2;0;1303;956;7;49;59;0;1;2668;4.49775112443778;6.40929535232384;0.0749625187406297;0;48.8380809595202;35.832083958021;0.262368815592204;1.83658170914543;2.21139430284858;0;0.0374812593703148;2020;414;234;2020;75.712143928036;15.5172413793103;8.77061469265367;75.712143928036;504.707268155172;439.2458407983;1.23072905668519;0.518180606482801;0.00341028589415548;-0.181731203676167;0.234500621129578;0.021638678635872;1.51453758303977;2.47376148772253;0.00657302790069367;0;59.0680391424648;36.2323199390982;0.0293670378112784;0.298788199880631;0.372634746252797;0;0.00397883582927748;0.00657302790069367;0.671422946133429;95.300359081563;3.98829907076231
M4;90;135;134;1;0;1366;966;15;47;44;0;2;2710;4.98154981549815;4.94464944649447;0.03690036900369;0;50.4059040590406;35.6457564575646;0.55350553505535;1.73431734317343;1.62361623616236;0;0.0738007380073801;1922;499;289;1922;70.9225092250923;18.4132841328413;10.6642066420664;70.9225092250923;513.710026282657;441.803787679346;1.23299982512106;0.521633628811443;0.004570093487682;-0.173166104191335;0.230643780759009;0.0183044486438404;1.61856885827005;2.16755167099453;0.00320996402504685;0;59.9235099693377;35.6616796519718;0.0712154690784647;0.27763989008078;0.269799285147625;0;0.00682524109399467;0.00320996402504685;0.547439175228405;95.5851896213095;3.78612052926458
M5;90;124;135;4;0;1283;932;17;55;48;0;1;2599;4.77106579453636;5.1943055021162;0.15390534821085;0;49.3651404386302;35.8599461331281;0.654097729896114;2.11619853789919;1.8468641785302;0;0.0384763370527126;1933;426;240;1933;74.3747595228934;16.3909195844556;9.23432089265102;74.3747595228934;508.037760871104;439.995876637933;1.22846745257656;0.522605808439684;0.00448914279855664;-0.166948892931383;0.233441757419945;0.0191157877094691;1.52579717199331;2.07938932873818;0.013167869736782;0;60.2037567306342;35.466058674239;0.0782820045906024;0.324503268747498;0.305581808586009;0;0.00346314273440695;0.013167869736782;0.630085077333508;95.6698154048732;3.60518650073149
M7;30;109;146;1;0;1458;1065;33;47;38;0;0;2897;3.76251294442527;5.03969623748706;0.0345184673800483;0;50.3279254401105;36.7621677597515;1.13910942354159;1.62236796686227;1.31170176044184;0;0;1961;733;203;1961;67.6907145322748;25.3020365895754;7.00724887814981;67.6907145322748;518.301119875388;447.185711346606;1.23365988626138;0.519367581832136;0.00616364558560305;-0.174563224958988;0.230275341381372;0.0177082789971531;1.28835075995635;2.19469361457615;0.00335886858833225;0;59.4116880766133;36.460679387307;0.167820642223335;0.250445966163736;0.222962684571812;0;0;0.00335886858833225;0.473408650735548;95.8723674639203;3.4830443745325
M6;7;92;130;0;0;1450;1072;38;42;40;0;2;2866;3.21004884856943;4.53593859036985;0;0;50.5931612002791;37.404047452896;1.32588974180042;1.46545708304257;1.39567341242149;0;0.0697836706210747;2005;737;124;2005;69.9581297976274;25.715282623866;4.32658757850663;69.9581297976274;527.796854110258;446.638629291218;1.23609590519514;0.519427001781869;0.00626854102244091;-0.177500970690348;0.229249051248604;0.0172537800051445;1.27653130139201;2.20622839144211;0;0;59.4977606389593;36.3414455684577;0.200167921050691;0.239759596442351;0.230040785627285;0;0.00806579662855526;0;0.469800382069636;95.839206207417;3.48275969283412
M8;20;112;131;0;0;1599;1079;29;48;33;0;0;3031;3.69515011547344;4.32200593863411;0;0;52.7548663807324;35.5988122731772;0.956779940613659;1.58363576377433;1.08874958759485;0;0;1986;711;334;1986;65.522929726163;23.4576047509073;11.0194655229297;65.522929726163;529.664568015836;446.791914037125;1.23212665666555;0.527747258725696;0.00594093338550798;-0.156102324863601;0.227255099015182;0.0160822659112666;1.39048005460257;1.98558792116318;0;0;62.3839433142223;33.6292512350335;0.146513176010257;0.268313734904544;0.195910564063651;0;0;0;0.464224298968195;96.0131945492558;3.37606797576574
M6;20;107;148;0;0;1476;1130;31;44;47;0;0;2983;3.58699296010727;4.96144820650352;0;0;49.4803888702648;37.8813275226282;1.03922225947033;1.47502514247402;1.57559503855179;0;0;2086;714;183;2086;69.9296010727456;23.9356352665102;6.13476366074422;69.9296010727456;520.308948560174;447.181385292698;1.23495542840154;0.514492643019548;0.00606063551782911;-0.18618421899447;0.231866767327301;0.0202313132505754;1.27848141874044;2.32732276692683;0;0;57.9775014269153;37.7441712464832;0.156349240440829;0.245688474407846;0.270485426085515;0;0;0;0.516173900493362;95.7216726733985;3.60580418566726
M6;90;119;151;5;0;1385;993;7;52;54;0;1;2767;4.30068666425732;5.45717383447777;0.180701120346946;0;50.0542103361041;35.8872425009035;0.252981568485725;1.87929165160824;1.95157209974702;0;0.0361402240693892;2055;411;301;2055;74.2681604625949;14.853632092519;10.8782074448862;74.2681604625949;512.018320413806;441.555155966694;1.23037764712745;0.518946602055217;0.00338033146089273;-0.179214901486074;0.233674267529728;0.0217885483152717;1.49184243334991;2.30172534147307;0.018021561004421;0;59.2459661116672;36.2314066095687;0.0316115710949959;0.309230664900697;0.365369042724311;0;0.00482666421664001;0.018021561004421;0.674599707625008;95.477372721236;3.79356777482298
M5;30;107;151;3;0;1444;1101;31;48;45;0;0;2930;3.6518771331058;5.15358361774744;0.102389078498294;0;49.2832764505119;37.5767918088737;1.0580204778157;1.6382252559727;1.5358361774744;0;0;2005;720;205;2005;68.4300341296928;24.5733788395904;6.99658703071672;68.4300341296928;509.471243106826;442.613417638388;1.2353049926475;0.51521173497611;0.00600124303546697;-0.184997993316216;0.231715616401279;0.0204592598400371;1.2990855111192;2.36537748875933;0.00981545663282409;0;57.9732181296336;37.6592669471492;0.159636011567195;0.270657054199642;0.262943400939101;0;0;0.00981545663282409;0.533600455138743;95.6324850767827;3.66446299987852
M2;20;122;146;7;0;1393;1044;17;57;60;0;0;2846;4.28671820098384;5.13000702740689;0.245959241040056;0;48.9458889669712;36.6830639494027;0.597329585382994;2.00281096275474;2.10822206605762;0;0;2048;493;305;2048;71.9606465214336;17.3225579761068;10.7167955024596;71.9606465214336;507.182421118763;439.632987137175;1.22979003947114;0.516784863474898;0.00453380380968882;-0.179526165865068;0.235022638368271;0.0225453730076929;1.45007419394457;2.25490850390917;0.0237224359309606;0;58.4647857980103;37.0091546613082;0.0753482042653457;0.327558176784201;0.394448025847237;0;0;0.0237224359309606;0.722006202631438;95.4739404593185;3.70498269785374
M7;90;80;147;2;0;1213;1015;23;46;56;0;0;2582;3.09837335398916;5.69326103795507;0.0774593338497289;0;46.9790859798606;39.3106119287374;0.890782339271882;1.78156467854376;2.16886134779241;0;0;2001;581;0;2001;77.4980635166538;22.5019364833462;0;77.4980635166538;498.699299607668;435.347227943405;1.23047690980046;0.511327717325233;0.00606245075791107;-0.189634122875916;0.23863461779365;0.0235395141018498;1.17946049913954;2.41937138541989;0.00707671995777935;0;56.784585878075;38.8556494511945;0.125102062780265;0.263824061013743;0.364929942419343;0;0;0.00707671995777935;0.628754003433086;95.6402353292694;3.59883188455943
